<app>
  <id>com.crunchyroll.boxeeroll</id>
  <name>Boxeeroll</name>
  <version>1.10</version>
  <description>Crunchyroll removing their app from boxee has been bothersome.</description>
  <thumb>http://urlxl-repo.googlecode.com/git/plugin.video.crunchyroll-takeout/icon.png</thumb>
  <repository>https://github.com/mozychan/boxeeroll</repository>
  <media>video</media>
  <copyright>Unofficial Crunchyroll app</copyright>
  <type>html</type>
  <url>http://www.crunchyroll.com/boxee_app</url>
  <controller>http://static.ak.crunchyroll.com/js/20131122025038.4dc6ff1443f126fad6608fddbc8a1e0a/boxee_app/Main.js</controller>
  <platform>all</platform>
  <minversion>1.1</minversion>
</app>